p_chave_membro,p_idade,p_plano,tempo de plano,ultimo uso de beneficio em dias,downgrades feitos no plano durante o contrato atual,renovado,p_mensalidade
106311,36,ap_pfit,112,620,1,0,64
192956,21,ap_pfit,112,152,0,1,64
111093,37,ap_passistencial,51,302,0,1,92
138936,75,ap_pfit,45,204,0,1,64
99774,30,ap_passistencial,66,357,1,1,92
98563,74,ap_pplus,104,431,1,1,148
131663,21,ap_pacesso,57,292,1,0,52
97416,21,ap_pplus,27,280,1,0,148
111286,76,ap_pplus,47,643,1,0,148
145010,37,ap_pacesso,88,483,1,1,52
94272,60,ap_pplus,42,397,0,1,148
164958,41,ap_pperpertuum,63,586,1,1,210
139186,35,ap_pacesso,58,593,1,1,52
107613,46,ap_pplus,68,498,1,1,148
92495,36,ap_pacesso,66,357,1,0,52
170327,61,ap_pacesso,46,724,1,0,52
118119,73,ap_pacesso,111,132,0,1,52
99293,36,ap_pperpertuum,22,375,1,0,210
179435,78,ap_pperpertuum,85,226,1,1,210
211864,25,ap_passistencial,54,590,1,1,92
108779,52,ap_passistencial,78,644,0,1,92
236183,32,ap_pperpertuum,84,87,1,1,210
181075,25,ap_pacesso,98,62,0,0,52
189791,45,ap_pfit,84,554,0,1,64
193534,38,ap_passistencial,33,658,0,1,92
190192,57,ap_passistencial,73,50,0,1,92
188521,38,ap_pfit,110,94,1,0,64
103896,63,ap_pfit,42,750,1,0,64
203241,45,ap_passistencial,38,401,0,0,92
134149,41,ap_passistencial,77,272,0,1,92
107835,30,ap_pplus,13,57,1,1,148
158503,41,ap_pplus,119,344,1,0,148
183015,51,ap_pacesso,104,782,0,0,52
103131,26,ap_passistencial,55,552,1,1,92
232016,41,ap_passistencial,69,160,0,1,92
129576,25,ap_pacesso,97,607,0,1,52
228340,34,ap_pacesso,58,421,0,0,52
158255,57,ap_pfit,49,364,1,1,64
155163,60,ap_passistencial,50,132,0,1,92
214729,74,ap_passistencial,46,647,0,1,92
115540,75,ap_pfit,1,156,0,0,64
170670,37,ap_pfit,91,104,0,0,64
129940,54,ap_pfit,39,481,1,0,64
183206,53,ap_pacesso,6,254,0,1,52
224673,64,ap_pplus,52,720,0,1,148
137116,48,ap_passistencial,68,418,1,0,92
110120,62,ap_pplus,104,512,0,1,148
126909,24,ap_pfit,73,439,0,1,64
203529,43,ap_pplus,63,75,0,1,148
132069,51,ap_pperpertuum,90,605,0,1,210
164115,49,ap_pperpertuum,2,80,0,1,210
145423,24,ap_pplus,61,143,1,1,148
168250,63,ap_pfit,24,450,1,1,64
137492,53,ap_pacesso,64,249,1,0,52
141941,69,ap_pperpertuum,5,87,1,1,210
219147,61,ap_pplus,65,650,0,1,148
164298,37,ap_pperpertuum,50,462,0,0,210
126990,55,ap_passistencial,55,466,0,1,92
205363,77,ap_pacesso,35,227,0,0,52
177147,40,ap_pfit,71,264,1,1,64
119054,41,ap_passistencial,4,386,0,1,92
213016,58,ap_pfit,102,324,0,1,64
153934,75,ap_passistencial,50,506,0,1,92
150688,40,ap_pperpertuum,85,201,0,0,210
128944,54,ap_pfit,73,769,1,1,64
184861,24,ap_pfit,90,512,1,1,64
106252,52,ap_pacesso,58,116,0,1,52
189867,26,ap_passistencial,1,761,0,1,92
94890,63,ap_pfit,107,606,0,1,64
120918,43,ap_pperpertuum,20,473,0,0,210
140316,73,ap_pfit,115,239,0,1,64
180968,67,ap_passistencial,75,349,1,1,92
208829,73,ap_pfit,32,499,1,1,64
197969,76,ap_pacesso,13,76,0,0,52
149632,58,ap_pacesso,28,413,1,0,52
103480,27,ap_passistencial,115,739,1,1,92
202709,34,ap_pacesso,10,398,1,1,52
224651,25,ap_pacesso,2,282,1,1,52
129147,24,ap_pperpertuum,5,177,0,1,210
201520,42,ap_pperpertuum,71,436,0,1,210
207467,67,ap_passistencial,97,151,0,1,92
110097,39,ap_passistencial,71,536,1,1,92
155980,31,ap_passistencial,66,422,1,1,92
126583,61,ap_pfit,111,332,0,0,64
146810,63,ap_pperpertuum,14,414,1,0,210
207222,40,ap_pperpertuum,85,776,0,1,210
148964,41,ap_pperpertuum,114,759,0,1,210
133833,44,ap_passistencial,18,309,1,1,92
100672,31,ap_passistencial,14,414,1,1,92
140740,21,ap_pacesso,107,186,0,1,52
216094,49,ap_pacesso,117,610,0,1,52
168009,26,ap_pplus,13,346,0,1,148
95851,56,ap_pperpertuum,83,478,1,1,210
140529,77,ap_pacesso,21,370,0,1,52
90117,37,ap_pacesso,115,358,0,0,52
210980,79,ap_pperpertuum,30,160,1,1,210
236332,37,ap_pfit,35,625,1,1,64
132034,47,ap_passistencial,96,297,0,0,92
127193,67,ap_pfit,51,635,1,1,64
171031,53,ap_pfit,55,290,0,1,64
178638,27,ap_pplus,108,357,0,1,148
141603,38,ap_pperpertuum,58,694,1,0,210
131492,25,ap_pfit,82,613,0,1,64
172950,74,ap_pfit,71,768,1,1,64
235910,73,ap_pfit,114,730,1,0,64
107846,64,ap_pfit,12,562,0,0,64
101057,79,ap_pplus,118,86,0,0,148
150957,26,ap_pplus,74,246,0,0,148
202767,39,ap_pperpertuum,38,176,0,0,210
213320,43,ap_pfit,3,313,0,1,64
179916,48,ap_pacesso,46,85,1,1,52
130892,47,ap_pfit,112,130,1,1,64
218238,24,ap_pperpertuum,73,736,1,1,210
219527,36,ap_pacesso,57,418,0,1,52
227167,78,ap_pperpertuum,71,746,0,1,210
159775,55,ap_pperpertuum,26,634,0,1,210
155608,52,ap_pfit,46,186,0,1,64
216755,25,ap_passistencial,109,335,0,1,92
237113,57,ap_passistencial,48,64,1,0,92
216680,22,ap_pfit,18,617,1,1,64
127114,29,ap_pplus,63,613,1,0,148
169434,73,ap_pacesso,44,791,1,0,52
215413,30,ap_pplus,117,311,1,1,148
200493,42,ap_pacesso,111,103,1,1,52
192101,65,ap_pfit,57,158,0,0,64
90803,23,ap_passistencial,103,660,1,1,92
130501,26,ap_passistencial,59,385,0,0,92
223356,45,ap_pperpertuum,82,586,1,1,210
142467,61,ap_passistencial,62,200,1,0,92
226135,52,ap_pacesso,46,631,1,1,52
234854,60,ap_passistencial,18,83,0,0,92
136808,61,ap_passistencial,85,43,1,1,92
126486,54,ap_passistencial,15,594,0,0,92
221726,47,ap_pplus,119,85,0,1,148
199661,73,ap_pplus,6,327,1,1,148
178433,60,ap_pplus,60,279,1,0,148
209796,69,ap_pacesso,59,725,1,0,52
169565,54,ap_pacesso,107,732,0,1,52
237037,58,ap_pfit,82,571,0,0,64
177549,35,ap_pacesso,23,186,0,1,52
173628,29,ap_pfit,32,485,1,0,64
101906,26,ap_pperpertuum,35,668,1,0,210
173563,26,ap_pperpertuum,55,703,1,1,210
140780,44,ap_pplus,35,400,1,1,148
110225,24,ap_passistencial,2,228,1,0,92
111314,45,ap_pplus,24,763,1,0,148
98566,49,ap_pfit,90,454,1,1,64
221370,30,ap_pacesso,119,63,0,1,52
215616,26,ap_pacesso,62,674,1,1,52
161189,58,ap_pfit,108,524,0,1,64
153583,45,ap_pperpertuum,118,510,0,1,210
130049,76,ap_pplus,112,236,0,1,148
217197,74,ap_pfit,106,104,1,0,64
209617,55,ap_pperpertuum,90,59,0,1,210
173880,41,ap_pplus,44,746,1,1,148
149368,31,ap_pfit,4,421,1,1,64
210131,41,ap_pacesso,22,481,1,0,52
223062,21,ap_passistencial,51,744,0,0,92
228926,79,ap_passistencial,16,583,0,1,92
168237,71,ap_pacesso,56,365,0,0,52
136930,59,ap_passistencial,30,508,0,1,92
231909,31,ap_pfit,66,461,0,1,64
132433,20,ap_pacesso,37,693,0,1,52
216544,34,ap_pacesso,18,602,1,0,52
194075,59,ap_passistencial,19,277,1,1,92
175635,26,ap_passistencial,94,353,1,1,92
136168,74,ap_pacesso,9,321,0,1,52
236365,57,ap_pfit,31,539,0,1,64
213826,56,ap_pperpertuum,82,516,1,0,210
139685,65,ap_pfit,109,337,0,1,64
115676,41,ap_pfit,69,623,0,1,64
153704,52,ap_pperpertuum,74,221,1,1,210
117362,52,ap_pfit,102,117,1,0,64
204787,48,ap_pfit,86,240,1,1,64
164669,62,ap_pacesso,49,291,0,0,52
172472,38,ap_pperpertuum,40,52,0,0,210
213789,24,ap_pperpertuum,80,217,1,1,210
207506,33,ap_pfit,23,644,0,0,64
93166,66,ap_pplus,94,64,1,1,148
212553,28,ap_pperpertuum,60,735,1,1,210
196606,24,ap_passistencial,10,238,0,1,92
139406,54,ap_pperpertuum,75,84,1,0,210
106062,40,ap_passistencial,92,520,0,1,92
161053,65,ap_passistencial,30,268,0,0,92
211645,62,ap_passistencial,101,602,0,1,92
155362,47,ap_pperpertuum,25,170,1,0,210
185035,64,ap_pperpertuum,27,505,0,1,210
230894,21,ap_pacesso,72,155,1,1,52
178596,67,ap_pacesso,111,380,0,1,52
235224,25,ap_passistencial,74,188,0,0,92
223573,50,ap_pacesso,102,638,0,0,52
145454,51,ap_pplus,98,660,1,0,148
139586,30,ap_pacesso,93,335,1,1,52
135925,78,ap_passistencial,17,620,0,1,92
178253,33,ap_pfit,27,160,1,1,64
171473,29,ap_pplus,117,126,1,1,148
207570,58,ap_pperpertuum,114,300,0,0,210
114659,78,ap_pplus,23,504,0,1,148
214402,20,ap_pfit,91,291,0,0,64
187774,74,ap_pfit,102,659,1,1,64
117191,50,ap_passistencial,74,58,0,1,92
164127,78,ap_pfit,80,478,0,0,64
98950,27,ap_pperpertuum,114,708,0,1,210
239975,21,ap_pplus,70,105,0,1,148
211119,54,ap_pplus,1,294,0,0,148
236349,50,ap_pplus,89,279,0,1,148
232249,31,ap_pacesso,49,403,0,1,52
94468,50,ap_pplus,17,197,0,0,148
137484,54,ap_pfit,33,203,0,0,64
156602,51,ap_pacesso,32,620,0,1,52
169547,36,ap_pplus,14,763,1,1,148
167176,76,ap_pplus,4,25,0,0,148
121447,27,ap_pacesso,96,399,1,0,52
120670,38,ap_passistencial,62,384,1,0,92
104843,72,ap_pplus,17,392,0,1,148
132474,55,ap_passistencial,89,277,0,1,92
105920,30,ap_pperpertuum,115,706,1,1,210
182793,63,ap_pplus,14,734,1,1,148
184497,76,ap_pacesso,6,633,0,0,52
184931,24,ap_pacesso,11,733,1,1,52
148525,78,ap_pperpertuum,28,40,1,1,210
196832,47,ap_pacesso,9,613,0,0,52
108042,21,ap_pfit,72,143,1,1,64
160200,30,ap_passistencial,30,153,0,1,92
215110,37,ap_pfit,60,611,1,1,64
159883,66,ap_pplus,44,486,1,1,148
226955,68,ap_pfit,38,592,0,1,64
143209,72,ap_passistencial,80,626,1,1,92
161450,24,ap_pperpertuum,64,781,0,1,210
203526,38,ap_pperpertuum,84,516,1,1,210
115081,24,ap_pperpertuum,74,799,1,1,210
91059,59,ap_pperpertuum,62,359,0,1,210
93057,38,ap_pplus,53,683,0,1,148
189127,31,ap_pacesso,99,540,1,0,52
98089,55,ap_pperpertuum,7,715,1,1,210
215810,47,ap_pfit,63,193,0,0,64
191003,65,ap_pfit,10,177,1,1,64
211563,67,ap_pacesso,21,720,0,0,52
168932,54,ap_passistencial,94,538,1,1,92
227996,57,ap_passistencial,108,142,1,1,92
209570,42,ap_pperpertuum,70,212,0,0,210
148324,74,ap_pfit,34,674,1,1,64
139626,53,ap_pacesso,12,293,1,0,52
99138,42,ap_passistencial,106,194,1,1,92
118641,52,ap_pperpertuum,75,340,0,1,210
229559,61,ap_pperpertuum,55,350,0,1,210
221535,77,ap_pacesso,68,768,0,1,52
124871,32,ap_pfit,87,547,1,0,64
225963,53,ap_passistencial,33,437,1,1,92
95601,78,ap_passistencial,33,734,0,1,92
189876,48,ap_pfit,14,284,1,1,64
90260,49,ap_pfit,2,511,1,0,64
158048,37,ap_pperpertuum,3,151,1,1,210
109408,75,ap_pfit,52,335,0,0,64
162816,54,ap_pplus,108,297,0,0,148
127147,24,ap_pacesso,18,537,0,1,52
134972,23,ap_pacesso,35,31,0,1,52
142456,24,ap_pfit,117,472,1,0,64
106386,58,ap_pacesso,68,779,0,1,52
108576,34,ap_pperpertuum,8,165,1,1,210
146836,65,ap_passistencial,71,244,0,1,92
200722,28,ap_passistencial,37,403,1,0,92
181166,65,ap_pacesso,44,213,1,0,52
165835,69,ap_pfit,26,426,0,0,64
128843,27,ap_pacesso,11,511,1,1,52
175979,63,ap_pplus,57,573,1,1,148
196980,29,ap_pperpertuum,114,180,0,0,210
219700,41,ap_pacesso,81,779,0,1,52
121047,43,ap_pperpertuum,69,24,1,1,210
231853,43,ap_pfit,110,562,0,0,64
101081,28,ap_pfit,114,272,0,0,64
133917,41,ap_pperpertuum,77,336,0,0,210
153403,74,ap_pacesso,20,259,1,1,52
132067,53,ap_pfit,99,33,1,1,64
208818,67,ap_pplus,82,583,1,0,148
228486,31,ap_pplus,14,681,1,1,148
93414,36,ap_pperpertuum,77,774,1,1,210
220243,23,ap_pplus,86,464,1,1,148
206073,68,ap_pperpertuum,13,28,0,1,210
107785,76,ap_pacesso,54,726,1,1,52
238376,49,ap_passistencial,5,393,0,1,92
122496,55,ap_pfit,110,784,1,1,64
224719,20,ap_pfit,117,383,0,1,64
165744,52,ap_pacesso,89,655,0,0,52
164173,46,ap_pacesso,15,314,0,1,52
210298,33,ap_pacesso,108,526,0,1,52
137407,23,ap_pfit,119,252,0,0,64
125103,54,ap_pperpertuum,79,621,0,0,210
208754,52,ap_pplus,15,609,1,1,148
104887,70,ap_pfit,86,84,1,0,64
148442,75,ap_passistencial,36,413,1,1,92
184139,69,ap_pperpertuum,85,434,1,1,210
227410,73,ap_pacesso,17,67,0,1,52
175649,31,ap_passistencial,13,378,1,0,92
95131,23,ap_pplus,59,580,1,1,148
102889,53,ap_pplus,94,228,1,0,148
160980,33,ap_pfit,16,56,0,1,64
127502,21,ap_pperpertuum,60,87,1,1,210
207050,46,ap_passistencial,16,636,1,1,92
233161,75,ap_pacesso,50,279,0,1,52
194403,61,ap_pacesso,110,610,1,1,52
218612,50,ap_passistencial,99,439,1,1,92
141668,52,ap_pfit,112,103,0,0,64
121862,77,ap_passistencial,49,263,0,0,92
161989,46,ap_pperpertuum,2,437,0,0,210
231482,64,ap_pacesso,8,539,1,1,52
171208,75,ap_pacesso,112,55,0,1,52
123119,47,ap_passistencial,91,689,1,0,92
142438,53,ap_pfit,101,696,1,1,64
188755,49,ap_pfit,69,172,0,1,64
119762,56,ap_pplus,92,225,1,0,148
238951,53,ap_pplus,58,244,0,1,148
110669,20,ap_passistencial,106,564,0,0,92
225674,79,ap_passistencial,105,485,1,0,92
90378,71,ap_pacesso,110,303,0,0,52
160915,32,ap_pacesso,52,25,0,1,52
227415,37,ap_passistencial,5,117,1,1,92
177669,59,ap_pplus,23,498,0,1,148
175403,20,ap_pfit,42,107,0,0,64
193172,28,ap_pacesso,102,555,1,1,52
138163,25,ap_pacesso,74,547,1,1,52
116241,70,ap_pplus,116,455,1,1,148
224143,27,ap_pplus,26,336,0,0,148
92071,27,ap_pfit,71,454,0,1,64
136675,70,ap_pfit,82,146,1,1,64
149861,43,ap_pacesso,83,152,1,1,52
159664,68,ap_passistencial,2,217,0,1,92
95055,44,ap_pperpertuum,89,700,1,1,210
105671,70,ap_pplus,44,513,1,0,148
194851,45,ap_passistencial,88,221,1,0,92
105585,45,ap_pperpertuum,116,490,0,1,210
192418,58,ap_pperpertuum,67,462,0,1,210
133203,59,ap_pacesso,64,502,1,1,52
224144,70,ap_pplus,119,121,1,0,148
114283,53,ap_pperpertuum,70,389,0,1,210
137432,72,ap_passistencial,110,408,0,1,92
105215,27,ap_pplus,91,761,1,1,148
212931,65,ap_pperpertuum,85,146,1,1,210
213158,21,ap_pperpertuum,18,573,0,0,210
224948,72,ap_passistencial,33,572,0,1,92
236773,37,ap_pacesso,46,722,0,1,52
155935,35,ap_pfit,80,47,0,1,64
147491,47,ap_pacesso,115,702,0,1,52
90821,27,ap_pacesso,57,351,1,1,52
126642,37,ap_pfit,85,739,1,0,64
153312,58,ap_pplus,101,715,1,1,148
136387,61,ap_pperpertuum,66,666,0,1,210
193266,38,ap_pplus,51,708,0,0,148
122972,51,ap_pfit,45,492,1,1,64
120696,51,ap_pfit,2,208,0,0,64
165405,61,ap_pacesso,39,398,1,0,52
119841,67,ap_pplus,3,166,0,1,148
168111,40,ap_pperpertuum,80,62,1,1,210
152523,48,ap_passistencial,117,773,1,1,92
193769,64,ap_pacesso,28,713,1,1,52
135675,24,ap_pplus,28,300,0,1,148
148503,39,ap_pacesso,97,171,1,0,52
156158,41,ap_pfit,31,246,1,1,64
216376,68,ap_passistencial,44,759,1,1,92
123765,46,ap_pfit,20,64,0,1,64
99220,62,ap_pacesso,102,763,0,0,52
168266,75,ap_pperpertuum,11,646,0,1,210
117273,20,ap_pplus,106,593,0,1,148
208734,32,ap_pplus,100,156,1,1,148
220402,52,ap_pperpertuum,11,737,1,0,210
210202,58,ap_pplus,39,620,1,0,148
238784,25,ap_passistencial,112,258,1,1,92
222332,32,ap_pperpertuum,6,477,1,1,210
231762,73,ap_pacesso,64,618,1,1,52
209801,33,ap_pacesso,63,350,0,1,52
197491,27,ap_passistencial,60,741,1,0,92
127793,22,ap_pplus,63,680,1,0,148
224335,56,ap_pfit,31,625,0,1,64
99420,67,ap_pacesso,117,490,0,1,52
109890,31,ap_pperpertuum,38,439,0,1,210
186861,27,ap_pplus,99,291,0,1,148
140957,48,ap_pperpertuum,18,689,0,1,210
114968,39,ap_pplus,9,220,1,1,148
160685,42,ap_pacesso,42,94,0,1,52
228350,23,ap_pperpertuum,113,525,1,1,210
153438,44,ap_pperpertuum,28,108,1,0,210
114883,51,ap_passistencial,67,412,0,1,92
238683,68,ap_pplus,23,661,1,0,148
212809,74,ap_pacesso,10,264,1,1,52
153361,77,ap_passistencial,5,244,0,1,92
194874,44,ap_passistencial,2,120,1,1,92
127071,24,ap_pfit,25,379,0,0,64
188048,29,ap_pacesso,60,346,1,0,52
155802,50,ap_pfit,87,584,0,0,64
182994,23,ap_pplus,67,105,0,1,148
228956,76,ap_passistencial,53,190,1,1,92
220588,26,ap_pacesso,17,597,0,1,52
144136,53,ap_pperpertuum,41,655,1,0,210
157908,60,ap_passistencial,33,87,1,1,92
191406,40,ap_pacesso,92,125,1,1,52
172677,38,ap_passistencial,5,24,1,1,92
173350,26,ap_pplus,105,264,1,1,148
90226,53,ap_pacesso,87,592,1,1,52
126841,76,ap_pplus,73,639,0,1,148
102887,77,ap_pacesso,70,334,0,1,52
166447,78,ap_pplus,6,207,1,1,148
137944,52,ap_pfit,112,346,0,1,64
141829,61,ap_pacesso,73,223,1,0,52
231199,72,ap_pplus,81,58,1,1,148
116976,76,ap_pacesso,13,772,0,0,52
101157,40,ap_pperpertuum,3,428,1,1,210
229613,74,ap_pperpertuum,73,794,0,0,210
184561,69,ap_pplus,14,251,0,1,148
209389,57,ap_pperpertuum,67,604,0,1,210
154782,36,ap_pplus,36,389,1,0,148
138766,65,ap_pperpertuum,84,535,1,1,210
205526,36,ap_passistencial,46,161,0,1,92
140244,34,ap_passistencial,82,510,1,0,92
238254,27,ap_pacesso,1,127,1,1,52
211447,68,ap_pplus,20,305,1,1,148
235009,72,ap_pperpertuum,93,154,0,1,210
164566,70,ap_pacesso,88,590,0,1,52
211780,56,ap_passistencial,96,220,1,0,92
101914,38,ap_passistencial,19,144,0,1,92
183268,48,ap_pplus,69,218,1,1,148
217531,57,ap_passistencial,89,450,1,1,92
208760,52,ap_pacesso,88,117,1,1,52
188180,47,ap_pacesso,40,221,0,1,52
127518,59,ap_pacesso,60,277,0,1,52
119119,52,ap_pfit,28,670,0,1,64
133089,26,ap_pplus,103,668,0,0,148
149950,54,ap_passistencial,26,153,0,1,92
101832,27,ap_pfit,27,681,0,1,64
223225,26,ap_pacesso,117,35,0,0,52
143132,64,ap_pplus,80,230,1,1,148
139363,78,ap_pfit,11,537,0,1,64
154834,40,ap_passistencial,91,608,0,1,92
131894,68,ap_passistencial,28,509,0,1,92
139384,44,ap_pperpertuum,104,499,1,1,210
186661,22,ap_pplus,70,406,0,1,148
99187,51,ap_pperpertuum,45,496,0,0,210
179479,67,ap_pacesso,43,199,1,0,52
218968,74,ap_passistencial,15,456,1,1,92
162698,30,ap_pacesso,1,244,1,1,52
140919,40,ap_pperpertuum,100,646,0,1,210
155683,51,ap_passistencial,116,693,1,1,92
208938,21,ap_pplus,81,136,0,1,148
92505,42,ap_pfit,8,290,1,1,64
123639,64,ap_pacesso,24,400,1,1,52
142212,29,ap_pacesso,39,208,1,1,52
181928,33,ap_passistencial,61,111,0,0,92
152804,74,ap_passistencial,50,640,1,1,92
180623,79,ap_pperpertuum,87,160,0,0,210
131880,28,ap_pacesso,35,211,1,1,52
210486,38,ap_pacesso,48,266,0,0,52
197695,22,ap_pacesso,44,706,1,1,52
94656,51,ap_pfit,90,159,0,1,64
165115,73,ap_pacesso,75,245,1,0,52
121148,42,ap_pperpertuum,92,436,1,1,210
123116,38,ap_pacesso,70,117,0,1,52
177993,31,ap_pperpertuum,101,462,1,0,210
116051,42,ap_passistencial,89,744,0,1,92
106307,33,ap_pperpertuum,10,703,1,0,210
106095,55,ap_pacesso,97,577,1,0,52
177654,67,ap_pplus,117,590,1,1,148
205419,61,ap_passistencial,111,409,1,0,92
99994,22,ap_pfit,43,509,0,1,64
224349,29,ap_pfit,89,571,0,1,64
163154,41,ap_pplus,1,225,0,1,148
142074,23,ap_pplus,14,366,1,1,148
222637,34,ap_passistencial,11,204,1,0,92
149702,71,ap_pacesso,26,536,0,1,52
126792,76,ap_passistencial,39,679,1,1,92
176446,54,ap_pfit,68,101,1,0,64
150466,68,ap_passistencial,78,224,1,1,92
131652,63,ap_pacesso,92,62,1,1,52
142602,77,ap_pacesso,61,81,0,1,52
137386,24,ap_pfit,59,33,0,1,64
182976,47,ap_pperpertuum,59,396,0,1,210
154595,68,ap_pfit,72,243,1,1,64
104355,59,ap_pperpertuum,87,214,1,1,210
210140,65,ap_pacesso,28,348,0,0,52
164159,46,ap_pacesso,104,51,0,1,52
205775,34,ap_pacesso,86,325,1,1,52
214895,49,ap_pplus,18,155,1,0,148
156842,27,ap_passistencial,74,683,0,0,92
185283,74,ap_pperpertuum,100,124,1,1,210
222158,68,ap_passistencial,7,390,1,1,92
135069,76,ap_passistencial,16,776,1,0,92
107936,39,ap_pfit,103,187,1,1,64
181961,32,ap_pfit,109,779,1,0,64
111431,25,ap_pperpertuum,58,633,1,1,210
125226,20,ap_pfit,3,649,0,0,64
205760,65,ap_pfit,56,490,0,1,64
200376,78,ap_pperpertuum,114,728,1,1,210
159189,61,ap_passistencial,105,292,0,1,92
204285,69,ap_pplus,115,308,1,1,148
126280,37,ap_passistencial,4,131,0,1,92
171758,25,ap_pperpertuum,57,292,0,0,210
158491,68,ap_passistencial,104,391,0,1,92
181559,55,ap_pfit,49,353,0,0,64
228569,68,ap_pplus,79,628,0,1,148
133268,45,ap_pacesso,99,136,0,1,52
231935,53,ap_pfit,6,26,0,1,64
130234,55,ap_pperpertuum,54,596,1,1,210
178663,76,ap_pperpertuum,64,795,0,0,210
218395,36,ap_passistencial,55,65,1,1,92
95431,44,ap_pacesso,2,747,0,0,52
106878,75,ap_pacesso,17,107,0,1,52
185061,78,ap_passistencial,110,544,1,1,92
184294,47,ap_pfit,13,453,1,1,64
118423,34,ap_pplus,88,375,1,1,148
237090,23,ap_pacesso,14,198,1,1,52
147767,46,ap_passistencial,57,229,0,0,92
105299,52,ap_pplus,8,64,1,1,148
211166,39,ap_passistencial,74,47,1,1,92
164879,40,ap_pplus,92,439,1,1,148
207291,59,ap_pplus,33,33,0,0,148
110266,60,ap_pfit,27,535,1,1,64
197840,29,ap_pperpertuum,2,776,1,1,210
234619,63,ap_pperpertuum,57,167,0,1,210
207561,51,ap_pacesso,100,442,1,1,52
154749,58,ap_pperpertuum,48,36,1,1,210
194783,56,ap_pacesso,23,65,0,0,52
158072,45,ap_pacesso,32,430,1,1,52
204532,41,ap_pplus,75,566,0,1,148
123022,59,ap_pacesso,24,377,1,0,52
151297,78,ap_passistencial,117,537,1,1,92
229404,69,ap_passistencial,79,616,1,1,92
120390,32,ap_pplus,25,185,0,0,148
187850,51,ap_pfit,62,617,1,1,64
104900,28,ap_pplus,86,332,0,1,148
192576,56,ap_pplus,87,512,0,0,148
219403,61,ap_pperpertuum,65,783,0,0,210
175355,58,ap_pperpertuum,22,51,1,1,210
177380,35,ap_pplus,26,411,0,0,148
156671,53,ap_passistencial,84,505,0,0,92
110468,29,ap_pplus,74,592,0,1,148
132618,43,ap_passistencial,13,297,1,1,92
115946,29,ap_pfit,85,544,0,1,64
128175,64,ap_pperpertuum,89,205,1,1,210
145796,45,ap_pacesso,80,714,1,1,52
96152,53,ap_passistencial,15,368,1,1,92
133214,56,ap_passistencial,69,552,1,1,92
193335,23,ap_pfit,24,778,1,1,64
202801,48,ap_pperpertuum,91,318,0,1,210
133865,41,ap_pperpertuum,113,485,0,1,210
138018,44,ap_pperpertuum,115,470,0,1,210
214174,30,ap_passistencial,45,365,0,1,92
159653,65,ap_pperpertuum,34,588,0,1,210
209456,74,ap_pperpertuum,40,516,0,0,210
102139,39,ap_pacesso,1,152,1,1,52
95003,43,ap_passistencial,98,352,1,0,92
150423,66,ap_passistencial,41,456,1,1,92
193442,50,ap_pperpertuum,26,116,0,0,210
225943,44,ap_pplus,76,20,1,0,148
120082,24,ap_pperpertuum,73,537,1,0,210
148863,50,ap_passistencial,33,238,0,1,92
207400,63,ap_passistencial,40,86,1,0,92
175118,76,ap_pacesso,91,654,0,1,52
153459,42,ap_pfit,7,267,0,1,64
126218,75,ap_pperpertuum,116,548,0,0,210
171550,72,ap_pfit,87,97,0,1,64
108218,36,ap_pperpertuum,58,97,1,0,210
171070,21,ap_pacesso,92,443,0,0,52
144531,75,ap_pfit,42,602,1,0,64
181525,21,ap_pplus,97,775,1,1,148
171347,46,ap_pperpertuum,79,644,1,1,210
122118,41,ap_pperpertuum,99,141,0,1,210
233772,36,ap_pacesso,63,486,0,0,52
232204,72,ap_pperpertuum,50,192,0,1,210
233089,76,ap_pacesso,56,76,1,1,52
205623,52,ap_pperpertuum,25,34,0,1,210
97339,77,ap_pperpertuum,85,323,1,0,210
212437,24,ap_pplus,69,720,0,0,148
188990,32,ap_passistencial,53,106,0,0,92
164746,36,ap_pperpertuum,113,355,0,1,210
94444,62,ap_pperpertuum,97,769,0,1,210
174858,39,ap_pfit,88,325,0,0,64
200023,39,ap_pacesso,56,204,1,1,52
201304,47,ap_pperpertuum,31,699,0,1,210
96561,77,ap_pplus,18,425,1,0,148
159610,31,ap_pperpertuum,95,179,1,1,210
191816,39,ap_pacesso,3,56,0,1,52
202857,26,ap_pperpertuum,98,725,0,1,210
136226,76,ap_pfit,24,700,0,1,64
126206,75,ap_pacesso,108,430,0,1,52
124746,24,ap_passistencial,41,62,1,1,92
221143,48,ap_pfit,105,421,1,1,64
180818,44,ap_pplus,30,304,1,0,148
198057,30,ap_pacesso,54,304,0,1,52
192504,60,ap_pplus,75,744,0,1,148
226769,30,ap_pperpertuum,95,726,0,1,210
142258,51,ap_pfit,26,233,1,0,64
139386,57,ap_pperpertuum,26,735,1,1,210
183785,72,ap_passistencial,102,662,1,0,92
141008,37,ap_passistencial,41,568,1,1,92
135404,76,ap_pfit,37,143,0,0,64
210710,77,ap_passistencial,26,190,1,1,92
233519,34,ap_pplus,20,59,1,1,148
100036,36,ap_pperpertuum,85,350,1,0,210
142259,43,ap_pperpertuum,13,550,1,1,210
198935,63,ap_pacesso,56,761,1,1,52
192597,38,ap_passistencial,110,463,1,1,92
144789,56,ap_pfit,48,276,1,1,64
130783,24,ap_pfit,82,79,1,1,64
228280,58,ap_pfit,40,523,1,1,64
223527,23,ap_pperpertuum,60,118,1,0,210
190903,20,ap_pperpertuum,90,26,1,0,210
102579,49,ap_pperpertuum,66,616,0,0,210
202776,36,ap_pperpertuum,17,451,0,1,210
165464,62,ap_pacesso,107,50,1,1,52
97024,55,ap_pacesso,90,582,0,0,52
171978,69,ap_pplus,38,228,0,1,148
193991,49,ap_pperpertuum,31,207,0,1,210
147863,62,ap_pplus,85,223,1,1,148
191229,69,ap_pperpertuum,105,79,1,1,210
175493,37,ap_pperpertuum,33,243,0,1,210
162387,55,ap_pfit,107,98,1,1,64
201787,20,ap_passistencial,76,350,1,1,92
235798,24,ap_pplus,70,214,1,1,148
131551,75,ap_passistencial,87,588,1,1,92
182184,37,ap_passistencial,15,249,1,0,92
219815,48,ap_pplus,25,498,0,1,148
203498,36,ap_pacesso,102,261,1,1,52
102731,40,ap_pfit,95,426,0,1,64
125136,21,ap_pacesso,50,111,0,0,52
171108,55,ap_pplus,71,307,1,1,148
234089,39,ap_pacesso,93,497,0,0,52
147667,38,ap_pplus,96,602,0,0,148
117407,73,ap_pacesso,27,502,1,1,52
129294,37,ap_pperpertuum,8,528,1,1,210
154375,62,ap_pperpertuum,60,397,1,0,210
209896,32,ap_pplus,69,449,0,1,148
99158,66,ap_passistencial,72,775,0,1,92
147273,30,ap_pfit,32,93,0,1,64
114170,52,ap_passistencial,6,72,1,0,92
124391,68,ap_pacesso,28,209,0,1,52
196897,47,ap_pperpertuum,19,662,1,1,210
211579,74,ap_pfit,118,533,0,0,64
128058,62,ap_pfit,96,201,1,1,64
142509,61,ap_pperpertuum,107,121,0,0,210
238804,63,ap_pperpertuum,44,582,1,0,210
121777,40,ap_pfit,81,505,0,1,64
234289,49,ap_pperpertuum,88,577,1,1,210
166311,72,ap_pfit,75,754,0,1,64
214896,66,ap_pperpertuum,12,38,0,0,210
231393,79,ap_pacesso,89,681,1,1,52
130419,51,ap_pperpertuum,39,680,1,0,210
171420,76,ap_passistencial,72,519,1,0,92
167571,42,ap_pperpertuum,57,658,1,1,210
210647,44,ap_passistencial,91,680,1,1,92
171021,51,ap_pplus,72,611,0,1,148
211627,56,ap_passistencial,90,458,1,1,92
230789,60,ap_pfit,36,560,1,1,64
189221,50,ap_pplus,21,308,0,0,148
197541,32,ap_pperpertuum,18,478,0,1,210
167519,25,ap_passistencial,17,285,1,1,92
235982,20,ap_pperpertuum,24,424,1,1,210
192209,27,ap_pacesso,48,164,1,0,52
239093,75,ap_passistencial,87,210,1,0,92
194170,42,ap_pperpertuum,15,465,0,0,210
168612,66,ap_pfit,40,793,1,1,64
135521,24,ap_passistencial,77,669,0,0,92
213958,48,ap_pfit,58,346,1,1,64
167103,41,ap_passistencial,89,542,0,0,92
215958,24,ap_passistencial,40,254,0,1,92
115058,36,ap_pplus,69,57,0,1,148
181185,37,ap_pperpertuum,39,507,0,0,210
187934,64,ap_pperpertuum,5,426,0,1,210
157276,73,ap_pplus,14,65,1,1,148
223797,58,ap_pacesso,65,656,1,1,52
127247,20,ap_pplus,35,748,1,0,148
128720,77,ap_pperpertuum,81,133,1,0,210
152043,50,ap_pacesso,108,751,1,1,52
127059,43,ap_pperpertuum,89,156,0,1,210
125619,73,ap_pacesso,84,279,1,0,52
176632,35,ap_passistencial,45,69,0,0,92
186744,24,ap_pfit,97,96,0,1,64
225957,67,ap_pplus,81,92,0,1,148
156858,51,ap_pacesso,96,34,1,1,52
173498,45,ap_pperpertuum,27,381,0,1,210
186619,54,ap_passistencial,95,462,1,1,92
192440,72,ap_pacesso,81,39,0,0,52
157199,72,ap_pperpertuum,23,766,0,1,210
114926,76,ap_passistencial,73,727,0,1,92
143724,62,ap_pperpertuum,5,585,1,1,210
236820,60,ap_pplus,102,784,0,1,148
102621,43,ap_pperpertuum,115,796,0,0,210
177349,63,ap_pfit,97,415,1,1,64
234144,34,ap_pplus,42,171,0,1,148
186886,42,ap_passistencial,53,559,0,1,92
96700,30,ap_pfit,56,794,1,0,64
144239,49,ap_passistencial,3,67,1,1,92
112198,64,ap_pfit,27,123,0,1,64
211233,49,ap_pplus,46,34,1,0,148
91812,74,ap_pacesso,22,36,1,1,52
201092,25,ap_pperpertuum,63,710,1,1,210
138418,65,ap_pperpertuum,61,348,1,1,210
103130,24,ap_pplus,108,245,1,1,148
120914,70,ap_pperpertuum,85,505,1,1,210
137228,67,ap_pfit,115,443,0,1,64
219725,64,ap_pperpertuum,48,693,0,1,210
120811,33,ap_pperpertuum,13,645,0,1,210
99558,49,ap_passistencial,94,665,1,0,92
120967,23,ap_pfit,29,223,1,1,64
142785,25,ap_pfit,13,795,1,0,64
155120,58,ap_pplus,47,174,1,1,148
202285,37,ap_pplus,83,617,1,0,148
156516,70,ap_pfit,25,636,0,1,64
116821,58,ap_pfit,110,89,0,1,64
207009,61,ap_pplus,115,752,0,1,148
159480,74,ap_passistencial,105,511,0,1,92
233072,75,ap_pperpertuum,52,771,1,1,210
106899,44,ap_pfit,102,281,1,1,64
94752,76,ap_pplus,13,449,0,0,148
227027,78,ap_pacesso,89,64,1,0,52
212833,36,ap_pplus,98,443,0,1,148
215035,52,ap_pplus,39,787,1,1,148
208391,57,ap_passistencial,28,187,0,0,92
230176,31,ap_pplus,113,299,1,1,148
238231,36,ap_pacesso,44,584,0,1,52
184023,44,ap_passistencial,71,422,0,0,92
199294,68,ap_pplus,85,254,1,0,148
90923,56,ap_pplus,42,718,1,1,148
181449,36,ap_passistencial,118,38,1,0,92
231545,46,ap_pplus,25,371,0,0,148
141174,50,ap_pperpertuum,67,313,1,1,210
165005,33,ap_pacesso,39,399,1,1,52
111627,72,ap_passistencial,79,390,0,1,92
145537,55,ap_pplus,36,379,0,0,148
149074,41,ap_pperpertuum,81,56,1,1,210
115245,75,ap_pplus,109,362,1,0,148
100665,76,ap_pplus,54,716,1,0,148
188509,24,ap_pperpertuum,20,228,0,1,210
216702,59,ap_pfit,65,510,0,1,64
151870,25,ap_pperpertuum,85,569,0,1,210
225376,59,ap_passistencial,44,534,1,1,92
217134,24,ap_passistencial,77,450,1,1,92
113044,43,ap_pfit,65,398,1,0,64
120760,41,ap_passistencial,1,351,0,1,92
171616,33,ap_pfit,43,668,1,0,64
102947,44,ap_pperpertuum,53,178,1,0,210
123833,39,ap_pplus,116,315,1,1,148
142213,20,ap_pplus,60,122,0,0,148
208994,68,ap_pfit,27,324,0,1,64
196655,54,ap_pplus,74,375,1,1,148
198770,56,ap_pfit,86,776,0,0,64
237521,77,ap_passistencial,48,317,1,1,92
94795,71,ap_passistencial,67,617,1,1,92
159955,47,ap_pacesso,52,25,0,1,52
177436,48,ap_pacesso,45,290,1,1,52
95874,77,ap_passistencial,115,47,0,1,92
101616,77,ap_passistencial,29,453,0,0,92
220666,59,ap_passistencial,114,723,1,1,92
107089,27,ap_pacesso,84,222,1,1,52
144409,37,ap_pperpertuum,18,669,1,0,210
158186,50,ap_pplus,13,314,1,1,148
221821,40,ap_pplus,14,656,1,1,148
193357,25,ap_pacesso,1,279,1,1,52
172502,28,ap_pplus,96,193,0,1,148
95954,49,ap_pfit,80,686,0,1,64
178346,63,ap_pacesso,21,452,0,1,52
163427,37,ap_passistencial,27,537,0,1,92
177357,49,ap_pperpertuum,22,518,1,1,210
239163,76,ap_pfit,111,311,1,0,64
133119,39,ap_pfit,117,504,0,1,64
205167,79,ap_pacesso,75,650,1,1,52
92888,74,ap_passistencial,62,553,1,0,92
133991,78,ap_passistencial,74,266,0,1,92
209583,29,ap_pfit,111,748,0,0,64
115417,75,ap_passistencial,20,393,0,1,92
238195,32,ap_passistencial,102,307,1,0,92
132481,60,ap_passistencial,33,608,1,1,92
186489,21,ap_pplus,114,71,0,1,148
98551,74,ap_pperpertuum,29,328,0,1,210
99663,24,ap_pacesso,103,385,0,0,52
133446,52,ap_pacesso,6,176,0,1,52
199436,20,ap_pplus,110,335,0,1,148
208527,75,ap_pplus,59,50,1,1,148
145838,56,ap_pacesso,13,177,0,1,52
179822,77,ap_pacesso,34,609,0,1,52
112581,31,ap_passistencial,42,682,1,1,92
177314,60,ap_pplus,12,503,1,1,148
222604,47,ap_pplus,21,500,0,0,148
218748,37,ap_pperpertuum,6,559,0,1,210
98341,55,ap_pfit,119,268,1,0,64
207597,49,ap_pperpertuum,72,187,1,1,210
200426,61,ap_passistencial,117,307,0,1,92
211555,73,ap_passistencial,27,256,0,1,92
206795,73,ap_passistencial,82,523,0,0,92
108078,57,ap_pperpertuum,97,727,0,0,210
133621,40,ap_pfit,86,673,0,1,64
136245,58,ap_pfit,6,628,0,1,64
162794,78,ap_passistencial,106,221,1,1,92
112749,26,ap_passistencial,103,653,0,1,92
226757,24,ap_pfit,17,348,0,1,64
101321,77,ap_pfit,71,795,1,1,64
125940,54,ap_pplus,60,736,0,0,148
191312,34,ap_pacesso,116,204,0,0,52
188054,28,ap_pperpertuum,2,480,1,1,210
149639,67,ap_pperpertuum,42,707,1,1,210
198913,74,ap_pacesso,15,21,0,1,52
112653,37,ap_pacesso,105,489,0,1,52
162881,70,ap_pplus,104,309,0,1,148
124190,31,ap_pfit,31,585,1,1,64
106218,46,ap_pfit,74,248,1,1,64
198179,33,ap_pplus,60,504,0,1,148
97383,76,ap_pfit,108,671,1,1,64
223778,32,ap_pplus,67,74,1,0,148
158499,49,ap_passistencial,65,88,1,1,92
113145,55,ap_pplus,53,65,1,0,148
185715,72,ap_passistencial,40,692,1,1,92
193773,68,ap_passistencial,82,617,1,0,92
178737,71,ap_passistencial,108,652,0,1,92
146253,60,ap_pacesso,56,30,0,0,52
223665,28,ap_pacesso,105,714,1,0,52
207464,53,ap_pfit,59,696,1,1,64
172723,31,ap_passistencial,63,298,1,1,92
215712,69,ap_pacesso,70,314,1,1,52
107573,44,ap_passistencial,63,234,1,1,92
207906,69,ap_pacesso,104,608,0,0,52
228870,41,ap_pacesso,57,588,0,1,52
114481,24,ap_pperpertuum,24,353,0,1,210
92104,34,ap_pperpertuum,10,244,0,1,210
158817,62,ap_passistencial,37,292,0,1,92
120204,66,ap_pacesso,72,546,1,0,52
102347,37,ap_pperpertuum,89,396,1,1,210
216716,74,ap_pfit,106,400,1,1,64
93711,32,ap_passistencial,67,90,0,1,92
96496,34,ap_pacesso,87,313,1,1,52
94204,44,ap_pacesso,89,772,1,1,52
200482,53,ap_pperpertuum,50,596,1,1,210
183241,21,ap_pfit,54,278,1,1,64
213621,40,ap_passistencial,39,759,0,1,92
148255,42,ap_passistencial,73,371,0,1,92
228067,36,ap_pperpertuum,7,609,1,1,210
100474,23,ap_pplus,118,169,0,1,148
105753,60,ap_pfit,96,681,0,1,64
122901,67,ap_pfit,22,367,0,1,64
189474,20,ap_passistencial,72,536,0,1,92
191324,26,ap_pplus,16,472,0,1,148
110332,72,ap_pacesso,43,452,1,1,52
187298,50,ap_pacesso,89,618,0,1,52
166035,54,ap_pplus,22,150,0,1,148
152070,40,ap_pperpertuum,111,540,1,1,210
109548,79,ap_pacesso,91,685,0,0,52
94941,31,ap_passistencial,14,414,0,0,92
92609,24,ap_pperpertuum,49,333,1,0,210
232211,22,ap_pfit,15,700,0,1,64
116441,78,ap_pperpertuum,100,691,0,1,210
187011,31,ap_pperpertuum,77,166,1,1,210
228399,76,ap_passistencial,24,752,0,1,92
113330,29,ap_pperpertuum,68,617,1,1,210
197569,65,ap_pfit,21,458,1,1,64
132699,69,ap_passistencial,27,602,1,1,92
182102,78,ap_pperpertuum,95,33,1,0,210
149387,49,ap_pacesso,19,36,1,1,52
169010,36,ap_passistencial,18,762,0,0,92
222181,75,ap_pacesso,115,159,0,1,52
168991,63,ap_passistencial,107,460,0,1,92
121049,62,ap_pacesso,6,750,1,0,52
120820,38,ap_pfit,74,156,0,0,64
99798,37,ap_passistencial,72,672,1,0,92
165600,45,ap_passistencial,20,470,1,1,92
128988,47,ap_pacesso,4,393,1,0,52
204244,68,ap_passistencial,116,692,0,1,92
93469,51,ap_pacesso,68,216,0,1,52
153846,74,ap_pperpertuum,75,698,1,1,210
136391,58,ap_passistencial,72,694,1,0,92
196125,39,ap_pplus,83,290,0,1,148
167642,40,ap_passistencial,97,312,0,1,92
217528,65,ap_pplus,85,291,1,1,148
209798,63,ap_pplus,17,664,1,1,148
94878,77,ap_pperpertuum,118,251,1,0,210
182575,35,ap_pplus,53,35,1,1,148
213739,31,ap_pacesso,102,708,1,1,52
203278,20,ap_pacesso,85,535,1,1,52
122324,65,ap_passistencial,115,156,1,0,92
208244,51,ap_pfit,48,142,0,1,64
165156,33,ap_pperpertuum,11,160,1,1,210
207920,33,ap_pperpertuum,58,87,1,1,210
156136,38,ap_pperpertuum,89,646,0,1,210
210373,20,ap_pperpertuum,48,491,1,1,210
192423,44,ap_pperpertuum,108,66,0,0,210
169659,61,ap_pfit,1,112,0,0,64
235025,68,ap_passistencial,108,114,0,1,92
234413,64,ap_passistencial,23,658,0,1,92
112387,74,ap_pperpertuum,3,661,0,1,210
202598,32,ap_pfit,82,114,0,0,64
152445,72,ap_pfit,12,199,1,1,64
153156,23,ap_pfit,107,352,1,0,64
172116,79,ap_pplus,70,242,0,1,148
145667,39,ap_pacesso,19,299,0,1,52
108084,23,ap_pfit,72,158,0,1,64
100576,60,ap_pplus,76,194,1,1,148
216672,25,ap_pperpertuum,87,737,0,1,210
117549,79,ap_pplus,8,463,0,1,148
102172,67,ap_pacesso,4,107,1,1,52
230801,45,ap_pfit,102,573,0,0,64
102492,61,ap_pacesso,6,438,0,1,52
130159,46,ap_passistencial,57,655,0,1,92
118097,41,ap_pacesso,27,730,0,0,52
148342,48,ap_pfit,61,357,1,1,64
207179,68,ap_pperpertuum,62,110,0,1,210
148078,58,ap_pacesso,86,465,1,1,52
230410,59,ap_passistencial,58,531,1,0,92
187605,21,ap_pplus,21,749,1,1,148
118306,55,ap_passistencial,58,674,1,0,92
121683,72,ap_pplus,9,614,0,1,148
134433,42,ap_passistencial,4,715,1,1,92
226663,38,ap_pfit,58,334,1,1,64
203091,35,ap_pplus,29,57,1,1,148
139822,43,ap_pfit,44,785,0,1,64
97819,53,ap_pacesso,79,381,0,0,52
104558,44,ap_pplus,29,623,0,1,148
133160,30,ap_pacesso,97,258,0,1,52
132838,24,ap_pperpertuum,73,279,0,1,210
134074,39,ap_passistencial,78,199,1,1,92
231927,79,ap_passistencial,37,311,1,1,92
128267,33,ap_passistencial,87,700,0,1,92
235572,40,ap_pperpertuum,93,98,1,1,210
157119,45,ap_pperpertuum,91,728,0,1,210
105600,63,ap_pfit,6,659,0,1,64
191073,71,ap_pplus,67,235,1,1,148
98954,57,ap_pplus,39,456,1,0,148
228110,34,ap_pplus,7,157,0,0,148
196383,61,ap_pacesso,47,647,0,0,52
232115,40,ap_pperpertuum,55,629,1,1,210
144724,35,ap_pperpertuum,90,441,1,0,210
192711,30,ap_pperpertuum,11,49,1,0,210
107546,67,ap_passistencial,19,68,1,1,92
98395,71,ap_pacesso,19,195,1,1,52
215116,33,ap_pperpertuum,114,228,1,0,210
147814,40,ap_pperpertuum,53,264,0,1,210
202810,35,ap_pplus,78,597,1,1,148
156160,21,ap_pplus,69,577,0,1,148
238226,61,ap_pperpertuum,20,592,1,1,210
159622,21,ap_passistencial,58,137,1,0,92
107911,47,ap_pperpertuum,9,108,0,1,210
161606,76,ap_pplus,114,771,1,0,148
142312,24,ap_pacesso,11,665,0,1,52
122909,27,ap_passistencial,97,761,0,0,92
114266,28,ap_pfit,77,113,1,1,64
153256,36,ap_pacesso,43,514,0,1,52
207604,38,ap_pacesso,41,781,1,1,52
236502,67,ap_passistencial,68,372,1,0,92
233193,61,ap_passistencial,36,663,0,1,92
198242,45,ap_pperpertuum,106,619,1,1,210
162389,50,ap_pfit,111,391,0,1,64
173057,75,ap_passistencial,28,564,0,0,92
133672,53,ap_passistencial,88,231,1,1,92
234257,48,ap_pacesso,119,635,0,1,52
108296,29,ap_pperpertuum,43,647,1,1,210
145875,59,ap_pperpertuum,65,423,0,1,210
136119,77,ap_pplus,58,712,0,0,148
180859,30,ap_pfit,83,199,0,1,64
148446,78,ap_pplus,86,473,0,0,148
213837,52,ap_pperpertuum,16,435,1,1,210
150756,50,ap_pacesso,22,204,1,1,52
135878,41,ap_pacesso,102,483,0,1,52
128228,73,ap_pfit,54,518,0,0,64
179915,48,ap_pperpertuum,88,276,0,1,210
118256,60,ap_pacesso,23,163,1,1,52
95908,40,ap_passistencial,92,715,1,1,92
109443,59,ap_pfit,99,567,1,1,64
90949,31,ap_passistencial,68,92,0,1,92
96450,35,ap_pperpertuum,3,228,1,0,210
102819,62,ap_pperpertuum,41,185,1,1,210
200301,45,ap_passistencial,53,703,0,1,92
180252,74,ap_pplus,57,75,1,0,148
239731,49,ap_pfit,119,763,0,0,64
217281,42,ap_passistencial,32,29,1,0,92
177734,52,ap_passistencial,48,399,1,0,92
174322,43,ap_pplus,17,395,1,1,148
236829,25,ap_pacesso,82,398,1,1,52
103592,65,ap_pfit,45,772,0,1,64
116135,53,ap_pplus,10,46,0,1,148
192144,38,ap_passistencial,95,241,1,1,92
146442,42,ap_pacesso,114,741,0,0,52
141309,44,ap_pperpertuum,36,424,0,0,210
142049,48,ap_pacesso,6,155,1,1,52
125254,72,ap_pperpertuum,70,593,1,1,210
152925,35,ap_pplus,25,676,0,0,148
116423,21,ap_pperpertuum,57,61,1,1,210
98967,48,ap_pperpertuum,16,778,0,1,210
130066,77,ap_passistencial,52,271,0,1,92
99728,52,ap_pperpertuum,117,35,0,1,210
120316,37,ap_pperpertuum,78,762,0,1,210
98473,63,ap_pfit,67,240,0,1,64
114699,73,ap_passistencial,43,685,0,1,92
158310,28,ap_pplus,53,161,1,1,148
186366,21,ap_pplus,23,692,0,0,148
205747,74,ap_pplus,109,762,1,1,148
230833,24,ap_pplus,66,425,1,1,148
102482,69,ap_pacesso,58,663,0,1,52
213628,73,ap_pfit,114,748,1,0,64
109670,39,ap_passistencial,65,178,1,1,92
169682,23,ap_passistencial,15,241,1,1,92
175585,24,ap_pacesso,62,592,0,0,52
186908,36,ap_passistencial,61,359,1,1,92
113083,24,ap_pplus,77,471,1,0,148
175423,69,ap_pacesso,79,247,0,1,52
213399,27,ap_pplus,2,412,1,1,148
134496,51,ap_pacesso,85,58,1,1,52
